{
  "settings": {
    "split": "Dev",
    "percent": 1.0,
    "sampling": "stratified",
    "seed": 42,
    "max_samples": 50,
    "samples_used": 50
  },
  "finetuned_asr": {
    "total_wer": 0.3250883392226148,
    "samples": 50,
    "per_etiology": {
      "Parkinson's Disease": {
        "wer": 0.21348314606741572,
        "samples": 19
      },
      "Cerebral Palsy": {
        "wer": 0.6347305389221557,
        "samples": 10
      },
      "ALS": {
        "wer": 0.16304347826086957,
        "samples": 13
      },
      "Stroke": {
        "wer": 0.17647058823529413,
        "samples": 3
      },
      "Down Syndrome": {
        "wer": 0.13043478260869565,
        "samples": 5
      }
    },
    "expert_usage": {
      "overall": {
        "0": 50,
        "1": 0,
        "2": 0,
        "3": 0,
        "4": 0,
        "5": 0,
        "6": 0,
        "7": 0
      },
      "per_etiology": {
        "ALS": {
          "0": 13,
          "1": 0,
          "2": 0,
          "3": 0,
          "4": 0,
          "5": 0,
          "6": 0,
          "7": 0
        },
        "Cerebral Palsy": {
          "0": 10,
          "1": 0,
          "2": 0,
          "3": 0,
          "4": 0,
          "5": 0,
          "6": 0,
          "7": 0
        },
        "Down Syndrome": {
          "0": 5,
          "1": 0,
          "2": 0,
          "3": 0,
          "4": 0,
          "5": 0,
          "6": 0,
          "7": 0
        },
        "Parkinson's Disease": {
          "0": 19,
          "1": 0,
          "2": 0,
          "3": 0,
          "4": 0,
          "5": 0,
          "6": 0,
          "7": 0
        },
        "Stroke": {
          "0": 3,
          "1": 0,
          "2": 0,
          "3": 0,
          "4": 0,
          "5": 0,
          "6": 0,
          "7": 0
        }
      }
    }
  }
}